age,age_group,gender,state,citizenship,marital,religion,occupation,income,household_size,only_means,condemn,justified,message,prevent,mate_compete,job_compete,ref_integrating,ref_citizenship,ref_reduce,ref_moredone,ref_cultgiveup,ref_economy,ref_crime,ref_loc_culture,ref_loc_islam,ref_loc_schools,ref_loc_housing,ref_loc_wayoflife,eduyrs,lifeSatis,self_econ,distance_ref,settle_ref,left_right,afd_closeness,muslim_att,adf_att,contact_att,excess_males,treatment_list,outcome_list
74,40-50,Female,State 3,1,single,muslim,student,over 5000,14,4,4,1,3,4,1,1,3,2,1,3,2,2,3,1,3,3,1,4,3,3,4,20-25 kilometres,none,8,80,0.5765559896826744,0.08775475155562162,0.9804394899401814,0.7874919683672488,scenario A,2
89,20-30,Male,State 1,1,divorced/separated,agnostic,self-employed,4000-5000,11,2,2,3,1,1,2,3,2,3,3,3,3,1,2,3,2,1,1,1,7,5,5,25-30 kilometres,200-300,1,85,0.145045684883371,0.7778814514167607,0.8507096390239894,1.6794335442828014,scenario B,2
78,60 and older,Female,State 3,1,widowed,jewish,sick/on leave,under 1000,15,2,1,3,1,1,4,3,2,2,4,2,2,3,1,2,2,4,4,1,9,3,7,20-25 kilometres,1-100,8,5,0.13637478440068662,0.2120420236606151,0.6724452541675419,0.5705780289135873,scenario A,0
23,20-30,Female,State 4,1,divorced/separated,muslim,self-employed,1000-2000,20,2,2,3,3,3,1,2,1,2,1,4,3,2,2,4,4,2,3,2,11,2,4,15-20 kilometres,300-400,0,27,0.2752589243464172,0.7585437966044992,0.39908848889172077,1.1674645495368168,scenario A,1
86,40-50,Male,State 3,0,divorced/separated,muslim,student,1000-2000,3,4,1,3,3,1,2,3,2,3,3,2,1,2,3,1,1,4,3,3,15,0,6,over 30 kilometres,1-100,1,73,0.8262106275651604,0.6556282334495336,0.510401499690488,1.3211336537497118,scenario A,2
70,50-60,Female,State 2,1,widowed,catholic christian,sick/on leave,4000-5000,9,2,4,2,1,3,1,1,4,1,2,1,1,4,2,4,3,4,2,4,8,5,8,25-30 kilometres,100-200,1,49,0.868792625842616,0.763576794648543,0.10603722953237593,1.5026970779290423,scenario B,4
4,10-20,Male,State 1,0,commonlaw,nondenominational,employee,4000-5000,5,4,4,4,4,4,3,2,4,2,2,4,3,2,3,3,2,1,2,2,10,3,9,over 30 kilometres,100-200,7,20,0.28280190960504115,0.20295060868375003,0.598517149919644,1.5428860513493419,scenario B,1
55,50-60,Female,State 4,0,married,atheist,unemployed,4000-5000,12,1,3,3,2,1,2,2,2,3,1,1,3,3,2,3,2,4,2,4,12,6,8,5-10 kilometres,none,9,46,0.5944147077389061,0.19786881958134472,0.5501961689442396,0.6299206698313355,scenario B,4
70,40-50,Male,State 2,0,married,protestant christian,civil servant,4000-5000,1,4,3,3,2,1,1,2,1,3,2,4,1,4,3,1,3,2,4,4,16,2,9,5-10 kilometres,none,2,100,0.42862974922172725,0.6068088351748884,0.4900549838785082,1.6804017005488276,scenario A,0
7,20-30,Female,State 2,1,widowed,muslim,unemployed,2000-3000,3,4,1,1,4,1,4,1,2,3,4,4,3,3,3,2,1,1,1,2,17,9,7,20-25 kilometres,over 400,7,93,0.10137626412324607,0.44622268597595394,0.6923849617596716,1.9666776615194976,scenario B,2
7,50-60,Female,State 1,0,divorced/separated,atheist,student,2000-3000,12,1,3,3,3,3,4,3,3,2,4,2,3,4,3,2,2,1,3,3,0,8,0,15-20 kilometres,none,8,47,0.24430466908961535,0.3503064529504627,0.1750185766723007,0.5192710235714912,scenario A,4
55,40-50,Male,State 2,0,single,muslim,sick/on leave,under 1000,1,4,2,1,3,1,1,1,2,2,4,1,2,2,3,3,1,4,3,3,5,0,8,25-30 kilometres,200-300,2,21,0.6268470787908882,0.6680768493097275,0.10470987926237285,1.89727985591162,scenario B,0
43,40-50,Male,State 4,1,commonlaw,agnostic,retired,2000-3000,5,4,3,2,4,2,3,2,1,4,3,3,2,4,3,4,1,1,3,1,5,1,2,25-30 kilometres,over 400,4,28,0.696731831645593,0.2852088299114257,0.050534096313640475,1.3035647673532367,scenario A,2
82,30-40,Male,State 4,0,single,Eastern Religion,retired,over 5000,9,2,1,1,2,3,4,1,4,2,2,2,4,4,1,1,4,4,2,2,5,3,3,20-25 kilometres,300-400,7,0,0.15660625090822577,0.7113746237009764,0.7868330909404904,1.3146537769353017,scenario A,3
61,60 and older,Female,State 4,1,divorced/separated,agnostic,self-employed,over 5000,3,1,3,3,1,3,4,1,3,2,4,4,4,3,3,2,4,4,1,2,12,3,10,10-15 kilometres,1-100,7,95,0.9007354893255979,0.4597789926920086,0.3203065686393529,1.9840149014489725,scenario B,0
12,40-50,Male,State 1,1,married,muslim,retired,1000-2000,4,3,3,4,4,4,4,3,1,1,3,1,2,2,1,2,4,2,3,3,4,3,8,under 5 kilometres,1-100,6,15,0.7631445948500186,0.5739567885175347,0.09636405785568058,1.5436769988154992,scenario A,4
51,40-50,Female,State 1,1,married,agnostic,unemployed,1000-2000,11,4,3,3,1,3,2,4,3,3,1,1,3,2,3,4,4,4,4,3,8,0,3,15-20 kilometres,over 400,9,60,0.8080221398267895,0.5087477783672512,0.3238049594219774,1.7502421432873234,scenario B,3
72,40-50,Male,State 4,1,commonlaw,muslim,student,under 1000,13,1,3,1,4,3,2,3,2,2,4,2,2,4,4,3,3,2,2,3,10,4,9,over 30 kilometres,none,0,27,0.09671155037358403,0.21808572439476848,0.008102132705971599,0.6186109507689252,scenario B,2
18,20-30,Male,State 1,1,widowed,jewish,employee,2000-3000,15,4,4,4,3,2,1,4,3,1,2,1,3,1,1,2,1,2,1,3,9,6,10,15-20 kilometres,300-400,8,38,0.18734875763766468,0.2945717142429203,0.9195323335006833,1.812582881306298,scenario A,4
25,10-20,Female,State 2,0,married,nondenominational,student,under 1000,16,2,4,2,1,4,2,2,4,4,4,3,3,3,3,1,3,4,3,2,8,9,2,20-25 kilometres,1-100,8,61,0.1403944413177669,0.5857909312471747,0.311963768908754,1.9974328951211646,scenario B,3
2,40-50,Female,State 3,1,widowed,jewish,student,2000-3000,4,1,4,2,2,1,4,1,3,4,2,3,2,2,2,2,3,3,3,1,7,2,6,10-15 kilometres,over 400,5,30,0.22985001583583653,0.1057817495893687,0.5842389049939811,1.2291021241107956,scenario B,3
51,20-30,Male,State 4,0,single,protestant christian,employee,2000-3000,7,2,4,3,4,4,3,4,3,4,4,1,2,1,3,2,1,4,2,2,2,1,7,25-30 kilometres,1-100,9,82,0.9747663740999997,0.9023160820361227,0.5636391239240766,1.0675263681914657,scenario B,3
68,60 and older,Female,State 2,1,widowed,nondenominational,sick/on leave,3000-4000,2,4,2,2,1,2,4,3,1,2,3,2,3,3,4,2,1,3,4,1,12,2,10,5-10 kilometres,100-200,1,21,0.5956851588562131,0.8471222724765539,0.9828465832397342,1.8437762478133664,scenario A,4
68,30-40,Female,State 1,1,widowed,jewish,employee,4000-5000,7,2,3,3,4,1,4,1,2,2,1,2,2,1,4,3,4,2,3,3,7,8,4,10-15 kilometres,100-200,2,0,0.2821353629697114,0.7488257440272719,0.6638369038701057,1.901286625303328,scenario A,1
52,30-40,Female,State 2,1,married,catholic christian,sick/on leave,over 5000,12,1,2,4,4,4,2,4,3,4,2,3,1,1,4,3,1,2,1,4,12,9,8,15-20 kilometres,1-100,3,57,0.5339301677886397,0.8101042485795915,0.050079163163900375,1.8011277659097686,scenario A,1
48,50-60,Male,State 1,1,single,catholic christian,employee,4000-5000,0,3,1,3,1,1,1,4,2,3,4,2,2,1,2,2,4,3,3,4,16,0,2,5-10 kilometres,200-300,10,80,0.06936615728773177,0.18106758152134717,0.7884492590092123,1.40996325656306,scenario B,4
32,30-40,Male,State 3,1,commonlaw,muslim,student,over 5000,4,1,3,3,1,4,4,4,3,2,2,3,2,1,4,1,3,4,2,3,6,7,2,over 30 kilometres,none,3,80,0.948228647466749,0.17529004835523665,0.34755571372807026,1.1896244515664876,scenario A,4
85,60 and older,Male,State 1,1,single,Eastern Religion,retired,1000-2000,19,1,4,2,1,3,3,4,3,1,3,3,2,2,2,3,3,4,2,4,6,9,10,under 5 kilometres,1-100,4,38,0.006359561579301953,0.6416534460149705,0.026524430373683572,1.9716772142564878,scenario A,1
91,20-30,Female,State 3,0,widowed,muslim,employee,3000-4000,0,2,2,1,4,2,2,1,3,4,4,4,2,3,4,3,2,3,1,3,20,2,9,under 5 kilometres,200-300,3,23,0.26608278462663293,0.9132315712049603,0.07058181311003864,1.4543602638877928,scenario B,1
39,60 and older,Female,State 4,1,single,muslim,student,4000-5000,12,3,4,3,1,2,4,1,1,1,4,2,1,1,1,1,2,1,3,4,4,3,6,20-25 kilometres,over 400,3,67,0.09966259030625224,0.048261089250445366,0.37449402920901775,0.5177512053633109,scenario B,4
16,20-30,Male,State 1,1,commonlaw,nondenominational,retired,4000-5000,17,4,3,3,4,4,4,1,1,2,4,3,2,3,3,3,3,2,1,2,10,0,7,10-15 kilometres,1-100,6,37,0.26027167635038495,0.47793345316313207,0.6374531199689955,1.3944986979477108,scenario A,3
75,60 and older,Male,State 4,1,widowed,atheist,civil servant,3000-4000,20,2,3,4,3,2,4,2,2,1,3,2,3,3,3,1,2,1,4,4,17,9,9,15-20 kilometres,none,0,100,0.7841870973352343,0.45779578061774373,0.3706569152418524,1.1208602986298501,scenario A,1
66,30-40,Male,State 4,0,widowed,nondenominational,unemployed,2000-3000,15,1,2,4,4,1,1,3,3,1,2,2,4,3,1,4,2,2,1,4,6,4,8,over 30 kilometres,1-100,1,77,0.8068618872202933,0.6351979381870478,0.07592862169258296,0.5507223075255752,scenario B,3
70,30-40,Female,State 4,0,married,catholic christian,unemployed,4000-5000,10,3,1,1,4,3,3,3,1,4,4,4,2,2,2,2,1,4,1,1,10,4,1,25-30 kilometres,1-100,1,6,0.2695279971230775,0.28801585268229246,0.7584042539820075,1.4591614669188857,scenario A,2
93,40-50,Male,State 1,1,commonlaw,catholic christian,retired,1000-2000,18,2,3,2,2,4,1,4,1,1,3,2,1,1,1,4,4,3,2,2,0,2,6,over 30 kilometres,100-200,7,95,0.9493580826092511,0.3319995317142457,0.8955583737697452,1.8436947135487571,scenario A,1
45,20-30,Male,State 3,1,widowed,protestant christian,civil servant,2000-3000,12,3,1,2,3,4,2,4,1,4,1,1,4,3,3,1,1,3,2,4,11,9,7,25-30 kilometres,over 400,3,49,0.694107276853174,0.46102188690565526,0.015611909329891205,1.05049043323379,scenario B,4
30,40-50,Male,State 2,0,commonlaw,catholic christian,retired,3000-4000,18,4,2,2,1,2,1,1,1,3,1,3,1,3,3,4,1,4,3,4,10,0,9,over 30 kilometres,100-200,8,99,0.6796095746103674,0.46058629639446735,0.5777679544407874,1.136924036545679,scenario B,1
30,40-50,Male,State 1,0,married,atheist,employee,under 1000,11,3,3,1,3,2,3,2,3,1,3,2,2,1,1,3,1,2,4,1,1,10,9,20-25 kilometres,300-400,4,98,0.3364109108224511,0.9979152840096503,0.3985735948663205,1.0574035067111254,scenario B,2
93,10-20,Female,State 4,1,widowed,protestant christian,self-employed,1000-2000,18,4,2,2,1,3,4,1,3,2,1,1,4,2,1,3,2,1,1,1,19,5,5,15-20 kilometres,300-400,5,96,0.18158972077071667,0.7523204397875816,0.16482222406193614,0.7618269297527149,scenario B,1
87,30-40,Female,State 1,0,widowed,muslim,self-employed,2000-3000,0,4,3,2,4,2,1,1,2,1,2,4,1,3,4,2,2,1,4,3,10,5,1,20-25 kilometres,200-300,1,55,0.76515824184753,0.7524905768223107,0.44744735956192017,0.5111343521857634,scenario B,1
95,10-20,Male,State 1,0,divorced/separated,atheist,civil servant,over 5000,4,2,3,3,1,4,1,4,3,2,4,4,4,3,4,1,3,2,2,4,17,2,0,10-15 kilometres,100-200,1,100,0.1983866412192583,0.8710215904284269,0.19311700901016593,0.909902272047475,scenario A,0
95,30-40,Female,State 3,0,married,muslim,civil servant,under 1000,16,1,3,3,4,1,3,1,2,3,3,4,3,4,2,3,4,3,3,3,14,4,0,5-10 kilometres,300-400,8,21,0.0018549009691923857,0.2938496524002403,0.12026843032799661,0.8502766280435026,scenario A,4
29,20-30,Male,State 1,1,divorced/separated,Eastern Religion,employee,1000-2000,19,1,1,1,3,1,1,1,1,4,2,1,4,3,3,2,4,1,1,2,15,6,1,20-25 kilometres,over 400,9,53,0.23864067485556006,0.03185706469230354,0.43792155757546425,1.8249814969021827,scenario A,3
92,40-50,Male,State 4,1,single,Eastern Religion,civil servant,over 5000,0,3,3,2,1,1,1,4,1,3,3,2,1,3,3,1,4,4,2,2,3,0,2,25-30 kilometres,100-200,8,90,0.7198506195563823,0.8419358290266246,0.9093473451212049,0.9025337329367176,scenario B,4
31,10-20,Male,State 4,1,single,Eastern Religion,civil servant,under 1000,4,4,3,3,3,4,2,4,4,3,1,2,3,2,1,2,2,2,3,4,3,6,9,under 5 kilometres,1-100,2,94,0.12898399867117405,0.9025980033911765,0.764537257142365,0.759456391679123,scenario A,1
54,60 and older,Female,State 3,1,single,jewish,sick/on leave,2000-3000,5,1,2,1,4,1,3,4,1,4,3,2,1,3,4,3,3,3,2,4,20,3,3,20-25 kilometres,300-400,5,24,0.7108226651325822,0.35404871543869376,0.8993104167748243,0.9050061202142388,scenario A,0
41,30-40,Male,State 3,1,commonlaw,Eastern Religion,self-employed,4000-5000,20,4,2,3,2,2,4,3,4,3,3,4,1,3,2,3,2,3,3,2,1,3,1,over 30 kilometres,200-300,5,5,0.44938920135609806,0.34357266617007554,0.8402675741817802,0.9988148832926527,scenario B,4
41,30-40,Female,State 4,0,divorced/separated,muslim,self-employed,2000-3000,3,1,2,1,1,2,3,3,2,3,4,2,3,2,2,1,3,3,4,3,8,7,0,under 5 kilometres,1-100,10,36,0.21615383960306644,0.7948454939760268,0.1190778308082372,0.6142780149821192,scenario A,4
24,10-20,Female,State 4,0,commonlaw,protestant christian,employee,over 5000,10,4,2,4,1,4,1,1,1,1,3,1,1,3,2,2,2,1,1,3,20,7,6,5-10 kilometres,none,8,99,0.680978164775297,0.8373134615831077,0.3467532752547413,1.279936733073555,scenario B,4
43,20-30,Male,State 1,0,divorced/separated,jewish,student,over 5000,6,1,2,2,3,2,4,2,1,2,2,3,4,3,2,1,3,2,1,2,5,3,6,5-10 kilometres,over 400,10,29,0.45556394243612885,0.012287066085264087,0.7757421606220305,0.8445955556817353,scenario B,1
7,10-20,Male,State 2,0,single,muslim,employee,4000-5000,11,3,2,2,1,1,1,4,3,4,1,2,4,1,4,2,4,2,3,4,6,7,2,over 30 kilometres,100-200,2,13,0.6549991751089692,0.7080233502201736,0.7609306313097477,1.6437707451405004,scenario B,1
63,20-30,Male,State 1,1,widowed,Eastern Religion,self-employed,4000-5000,12,3,2,4,3,1,4,2,2,4,4,3,3,1,1,2,3,3,3,3,5,9,2,25-30 kilometres,300-400,3,34,0.2879020308610052,0.15622173016890883,0.23556221998296678,1.6181443484965712,scenario B,1
65,50-60,Female,State 2,1,widowed,protestant christian,employee,over 5000,7,2,4,4,4,4,3,2,1,4,3,3,4,3,4,1,1,3,2,3,5,9,1,25-30 kilometres,200-300,3,32,0.1990414320025593,0.26020906469784677,0.6710735058877617,1.3317861271789297,scenario A,4
9,20-30,Female,State 1,0,commonlaw,Eastern Religion,self-employed,over 5000,14,3,2,4,2,1,4,4,4,1,4,3,1,3,4,4,2,1,2,1,7,8,7,25-30 kilometres,none,0,76,0.43977172835730016,0.3378860945813358,0.1437064118217677,1.8585506024537608,scenario A,4
20,60 and older,Male,State 4,0,married,jewish,student,2000-3000,6,4,2,2,3,1,3,2,2,3,2,4,1,2,4,4,2,3,4,1,7,3,1,10-15 kilometres,none,2,36,0.8211549795232713,0.08925575576722622,0.29084711987525225,0.9877830770565197,scenario B,3
14,40-50,Female,State 3,1,divorced/separated,Eastern Religion,student,under 1000,1,4,4,1,4,3,4,1,3,3,1,1,4,1,4,4,3,3,1,1,11,6,4,over 30 kilometres,over 400,9,42,0.7980546674225479,0.8195255484897643,0.05747063574381173,0.5576489998493344,scenario B,3
78,40-50,Female,State 4,1,married,muslim,employee,2000-3000,14,2,1,2,2,4,3,2,1,2,2,4,3,2,3,4,2,4,1,1,13,10,0,10-15 kilometres,1-100,0,50,0.07008009357377887,0.5457708847243339,0.5042167899664491,1.9260029218858108,scenario B,4
88,10-20,Male,State 4,0,commonlaw,agnostic,retired,4000-5000,6,2,2,4,2,2,4,2,1,4,4,3,2,2,1,2,2,4,1,4,19,5,0,15-20 kilometres,none,4,41,0.9642403379548341,0.3321590255945921,0.21095978352241218,1.1614670041017234,scenario B,1
3,10-20,Male,State 4,1,divorced/separated,nondenominational,self-employed,4000-5000,9,1,2,2,1,4,3,2,1,3,2,4,2,3,2,1,3,3,4,1,3,0,2,over 30 kilometres,none,10,24,0.9804252146277577,0.1846874295733869,0.579028733773157,1.5562788451788947,scenario B,0
36,50-60,Female,State 4,1,single,atheist,retired,3000-4000,5,3,2,2,2,3,3,1,3,4,4,3,1,2,1,1,3,2,4,1,18,8,3,25-30 kilometres,100-200,3,80,0.22435264638625085,0.09965707478113472,0.8339028756599873,1.5858631967566907,scenario A,4
27,30-40,Female,State 1,1,single,jewish,unemployed,4000-5000,1,4,2,4,3,4,4,1,4,4,2,3,1,3,1,3,4,1,2,2,10,2,8,over 30 kilometres,300-400,9,76,0.6220213060732931,0.42186441947706044,0.17158912518061697,0.8189417331013829,scenario A,1
46,10-20,Male,State 1,0,single,jewish,retired,under 1000,16,3,4,3,4,3,2,2,4,4,1,3,4,4,2,4,3,1,2,4,2,10,0,25-30 kilometres,100-200,8,93,0.48195655597373843,0.1414773848373443,0.2845599113497883,1.4553564625093713,scenario A,3
59,30-40,Female,State 3,1,divorced/separated,protestant christian,retired,over 5000,0,2,2,4,2,2,2,1,3,2,4,4,2,2,4,4,4,2,4,1,12,0,9,5-10 kilometres,200-300,6,7,0.11499496246688068,0.2618525505531579,0.1609669397585094,1.7844368412625045,scenario A,1
46,40-50,Female,State 2,1,widowed,Eastern Religion,unemployed,2000-3000,17,3,2,3,4,3,4,1,4,3,4,1,2,2,4,2,2,4,1,1,10,6,8,10-15 kilometres,over 400,1,10,0.18627725983969867,0.740313972812146,0.42565514682792127,0.7042145053856075,scenario B,3
69,50-60,Male,State 2,1,divorced/separated,atheist,student,3000-4000,6,3,4,3,3,3,1,3,2,1,4,3,2,4,1,1,1,3,4,2,17,3,0,under 5 kilometres,none,7,85,0.2974708224646747,0.7491346844471991,0.9663024214096367,1.5723849211353809,scenario A,0
47,50-60,Male,State 4,0,commonlaw,jewish,unemployed,over 5000,4,1,2,2,3,4,4,4,1,2,4,1,4,3,1,3,3,1,1,4,18,0,1,under 5 kilometres,100-200,0,7,0.13206538930535316,0.30764736933633685,0.20882682199589908,0.6982493825489655,scenario A,4
55,50-60,Female,State 2,1,commonlaw,jewish,retired,3000-4000,14,4,2,1,4,3,2,3,3,1,2,3,2,3,1,2,3,4,2,2,3,4,8,25-30 kilometres,1-100,4,62,0.2341696994844824,0.30392955453135073,0.008916545426473022,1.879411845235154,scenario B,2
47,50-60,Female,State 4,1,divorced/separated,protestant christian,student,under 1000,15,3,1,3,4,2,1,1,4,2,1,1,1,2,3,1,3,3,4,4,10,7,10,over 30 kilometres,200-300,4,7,0.9887987268157303,0.13007398624904454,0.29562415671534836,1.8095090994611382,scenario B,1
68,20-30,Female,State 3,0,widowed,catholic christian,self-employed,1000-2000,10,3,4,1,1,1,1,2,1,3,1,1,2,3,2,2,4,1,2,3,7,6,8,25-30 kilometres,none,2,34,0.3551912601105869,0.8891765037551522,0.8467682930640876,1.2146158865652978,scenario A,2
12,50-60,Female,State 3,1,single,jewish,employee,over 5000,4,3,4,4,1,2,3,2,4,4,3,1,2,2,4,2,2,1,3,2,10,1,6,20-25 kilometres,300-400,2,10,0.596941347932443,0.5713200564496219,0.4534091700334102,0.9897523007821292,scenario A,0
51,60 and older,Male,State 1,0,divorced/separated,Eastern Religion,student,over 5000,15,2,3,2,4,4,3,4,2,4,1,2,3,4,2,2,2,3,4,2,11,6,9,15-20 kilometres,200-300,3,14,0.80362616665661335,0.2799204445909709,0.9277229737490416,0.8590040014823899,scenario A,3
16,60 and older,Female,State 4,0,married,jewish,sick/on leave,1000-2000,15,4,2,4,1,4,4,1,4,4,3,4,1,1,1,3,2,1,3,2,17,9,8,10-15 kilometres,1-100,6,64,0.09520233538933098,0.26612368901260197,0.6612321669235826,0.8806273457594216,scenario A,3
56,50-60,Male,State 3,0,divorced/separated,atheist,sick/on leave,over 5000,2,2,3,3,1,2,4,4,1,4,2,3,1,4,2,4,1,4,3,2,0,9,6,25-30 kilometres,none,10,52,0.15611374168656766,0.5752622100990266,0.7309322848450392,0.5321003205608577,scenario B,2
22,50-60,Male,State 4,0,divorced/separated,Eastern Religion,self-employed,2000-3000,11,3,2,1,1,4,1,1,2,3,1,1,2,4,1,4,1,4,4,2,10,7,6,20-25 kilometres,100-200,10,37,0.9684276506304741,0.6166563727892935,0.5449160460848361,1.8308032102650031,scenario B,1
82,20-30,Male,State 4,1,single,jewish,student,2000-3000,0,2,3,1,1,2,1,3,3,2,1,4,2,4,3,2,2,4,4,4,3,6,3,over 30 kilometres,100-200,6,90,0.014677844941616058,0.6817424709443003,0.9193581179715693,1.6043579247780144,scenario A,3
53,30-40,Male,State 3,1,single,agnostic,unemployed,3000-4000,10,3,2,4,4,3,3,1,4,2,4,2,1,4,2,3,1,4,1,4,4,4,9,25-30 kilometres,1-100,10,65,0.7424991673324257,0.6262312824837863,0.07595948874950409,0.8809135957853869,scenario A,3
3,50-60,Male,State 4,1,single,nondenominational,retired,under 1000,0,3,3,2,2,2,1,2,3,2,1,4,3,2,4,2,2,2,4,3,4,3,8,10-15 kilometres,none,9,44,0.12136692111380398,0.25951148732565343,0.7594889116007835,1.9075538305332884,scenario A,3
5,50-60,Female,State 4,1,widowed,agnostic,civil servant,4000-5000,14,2,1,2,4,2,3,4,1,1,2,4,1,4,1,3,2,4,1,3,5,3,0,over 30 kilometres,300-400,1,16,0.6045422058086842,0.4655180766712874,0.7177091627381742,1.5734523523133248,scenario B,0
44,20-30,Male,State 3,1,commonlaw,atheist,retired,1000-2000,19,3,4,3,3,4,2,2,4,2,3,4,1,1,3,4,3,3,2,2,3,1,0,25-30 kilometres,300-400,3,64,0.6309753493405879,0.09280403796583414,0.8907411973923445,0.8724938598461449,scenario B,0
85,10-20,Male,State 1,0,divorced/separated,agnostic,retired,1000-2000,15,2,2,1,3,4,1,4,4,4,3,1,3,1,3,1,3,2,2,1,4,10,10,under 5 kilometres,100-200,0,17,0.9389613333623856,0.30848574289120734,0.8034500116482377,1.5399295683018863,scenario B,3
28,10-20,Female,State 1,1,widowed,catholic christian,sick/on leave,2000-3000,16,4,3,4,3,3,1,1,4,2,3,2,4,3,2,3,3,2,2,3,15,5,7,25-30 kilometres,100-200,7,21,0.07151138479821384,0.3044817300979048,0.7946140735875815,1.8583608930930495,scenario B,1
52,30-40,Female,State 4,1,commonlaw,protestant christian,civil servant,over 5000,14,3,3,3,4,2,4,3,3,4,4,2,4,3,2,3,3,4,4,1,15,4,3,25-30 kilometres,1-100,7,48,0.4622283191420138,0.820627803215757,0.06784664955921471,0.9057891813572496,scenario B,3
25,40-50,Male,State 4,1,married,jewish,self-employed,4000-5000,4,3,2,2,1,1,2,4,2,3,4,1,2,3,4,1,1,1,4,1,12,10,8,under 5 kilometres,100-200,6,35,0.21754122502170503,0.5097532796207815,0.8416953342966735,1.0607781388098374,scenario B,4
42,40-50,Male,State 1,1,commonlaw,muslim,employee,under 1000,9,3,1,3,3,4,4,1,3,4,1,3,2,4,3,1,3,3,4,1,10,10,7,over 30 kilometres,over 400,7,93,0.22440033801831305,0.828458871692419,0.7816128237172961,0.7470051178243011,scenario A,3
15,30-40,Male,State 4,1,commonlaw,muslim,civil servant,under 1000,11,2,3,3,1,1,1,1,2,3,1,4,4,2,2,4,1,2,4,2,19,10,2,under 5 kilometres,100-200,2,79,0.5293578025884926,0.6373925239313394,0.3428757486399263,1.0419246398378164,scenario B,3
57,50-60,Male,State 2,1,divorced/separated,jewish,unemployed,1000-2000,15,1,3,1,4,4,3,3,1,4,3,4,4,3,3,1,1,2,2,1,16,8,0,over 30 kilometres,300-400,7,42,0.8944431527052075,0.18437312683090568,0.47699899738654494,1.837950829649344,scenario B,3
42,40-50,Female,State 1,1,single,catholic christian,self-employed,3000-4000,11,4,1,3,1,2,1,1,4,3,3,3,1,3,3,1,2,1,2,2,20,1,4,over 30 kilometres,over 400,10,53,0.7349562714807689,0.2514386649709195,0.8232027676422149,0.6294898480409756,scenario B,0
76,30-40,Male,State 3,1,widowed,catholic christian,retired,under 1000,8,1,1,2,4,3,3,2,3,4,4,1,3,3,1,4,3,3,4,3,2,5,3,under 5 kilometres,200-300,5,100,0.948007328202948,0.8149776021018624,0.4056883945595473,1.877904569846578,scenario A,2
37,20-30,Female,State 2,0,married,Eastern Religion,unemployed,over 5000,6,4,3,4,1,1,1,2,3,2,4,4,2,3,1,3,3,1,3,2,10,4,4,20-25 kilometres,200-300,0,17,0.11091976845636964,0.33104204200208187,0.10528014693409204,0.96437616890762,scenario A,2
26,10-20,Female,State 1,1,married,jewish,employee,1000-2000,1,3,2,3,3,2,4,2,2,4,1,3,4,1,3,1,3,2,2,4,11,5,6,under 5 kilometres,over 400,0,4,0.8450124361552298,0.8162983439397067,0.5076147662475705,0.9656614708947018,scenario A,2
24,20-30,Female,State 4,0,married,protestant christian,sick/on leave,under 1000,7,4,1,4,1,1,3,3,2,2,2,2,1,2,4,2,3,2,2,3,17,5,2,25-30 kilometres,none,0,53,0.6994814802892506,0.34174001729115844,0.11721966555342078,0.7445537600433454,scenario B,1
12,40-50,Male,State 4,1,commonlaw,agnostic,civil servant,under 1000,9,1,3,1,1,4,3,3,1,1,1,2,4,4,3,2,3,4,3,4,8,10,6,25-30 kilometres,100-200,4,87,0.9659174077678472,0.8898555221967399,0.4647127373609692,1.9745422737905756,scenario A,2
9,10-20,Female,State 2,1,commonlaw,atheist,unemployed,3000-4000,14,4,3,2,2,4,3,1,1,4,1,1,4,3,3,2,4,3,3,3,20,3,5,over 30 kilometres,over 400,6,28,0.8589524531271309,0.8410833566449583,0.9467228192370385,1.8882737181847915,scenario A,0
55,30-40,Female,State 2,0,widowed,agnostic,employee,4000-5000,13,1,1,1,1,2,2,2,1,2,1,2,1,4,2,4,3,3,3,2,11,10,3,20-25 kilometres,300-400,8,90,0.693057841155678,0.4826898886822164,0.7015410338062793,1.430991217144765,scenario B,3
75,50-60,Female,State 4,1,single,agnostic,self-employed,4000-5000,5,2,2,3,2,3,1,2,2,2,1,2,3,2,2,3,1,2,1,4,20,1,6,over 30 kilometres,200-300,1,35,0.8395908852107823,0.1832423156592995,0.32640620949678123,1.7965636963490397,scenario B,1
63,30-40,Male,State 4,1,divorced/separated,nondenominational,self-employed,over 5000,14,4,3,2,2,4,2,3,3,1,4,2,4,2,2,4,3,2,2,2,5,4,2,25-30 kilometres,100-200,6,66,0.5509714093059301,0.7985461661592126,0.8032567640766501,1.4196546400198713,scenario A,2
35,10-20,Female,State 1,0,commonlaw,nondenominational,unemployed,4000-5000,20,4,2,3,1,2,3,3,3,2,4,4,1,2,2,2,1,2,4,1,2,8,6,20-25 kilometres,none,0,89,0.6516029264312238,0.9250164276454598,0.2135683863889426,1.9795863735489547,scenario A,2
58,10-20,Female,State 1,0,divorced/separated,catholic christian,retired,over 5000,5,4,1,4,4,4,1,4,3,3,2,3,2,1,1,2,2,2,3,3,19,4,2,over 30 kilometres,1-100,1,38,0.9711575943510979,0.9616554928943515,0.4494266100227833,1.1153751151869074,scenario A,4
26,50-60,Female,State 3,1,divorced/separated,muslim,sick/on leave,under 1000,10,1,4,2,2,1,4,4,3,3,2,3,2,4,3,3,1,2,4,3,12,2,4,10-15 kilometres,100-200,4,6,0.6783801703713834,0.9449014686979353,0.47998081729747355,1.3222797291819006,scenario B,2
48,20-30,Female,State 4,1,widowed,protestant christian,employee,under 1000,18,3,4,3,3,1,4,1,1,3,1,2,3,2,4,3,3,2,2,3,1,9,3,15-20 kilometres,200-300,3,9,0.6761946701444685,0.4630954274907708,0.1428219962399453,0.7901909038191661,scenario B,3
80,40-50,Female,State 1,1,single,atheist,employee,1000-2000,19,1,4,3,2,1,3,4,3,1,1,1,4,3,2,4,4,2,4,2,3,3,1,10-15 kilometres,200-300,2,73,0.09981013159267604,0.5311754478607327,0.6761767435818911,0.5438906349008903,scenario B,4
37,20-30,Female,State 2,1,single,catholic christian,civil servant,3000-4000,0,2,4,3,1,4,4,3,1,2,4,2,1,1,2,4,2,3,2,3,16,4,7,15-20 kilometres,300-400,7,52,0.046513796551153064,0.06389235658571124,0.9847739764954895,0.9650114106480032,scenario A,2
94,60 and older,Male,State 2,1,commonlaw,muslim,self-employed,1000-2000,8,3,4,3,2,3,1,3,3,1,3,3,4,4,4,1,2,2,4,2,4,3,3,10-15 kilometres,100-200,7,50,0.35141631681472063,0.09869680507108569,0.012688356917351484,0.8919999423669651,scenario A,2
91,20-30,Male,State 1,0,widowed,jewish,self-employed,over 5000,15,3,2,2,3,4,3,1,2,2,2,2,2,3,1,3,1,3,3,4,3,0,10,20-25 kilometres,200-300,1,0,0.6338941585272551,0.14483900950290263,0.7955209861975163,1.334710014751181,scenario B,1
18,40-50,Male,State 2,0,divorced/separated,Eastern Religion,sick/on leave,1000-2000,14,1,4,3,3,2,1,3,3,3,2,4,1,3,3,1,3,4,3,1,6,9,6,under 5 kilometres,300-400,5,2,0.8961170287802815,0.800411962904036,0.24884010548703372,1.4039692325750366,scenario B,1
72,50-60,Female,State 2,1,married,catholic christian,unemployed,under 1000,17,2,4,2,2,1,1,4,3,4,2,4,4,4,4,1,4,4,3,1,1,6,1,under 5 kilometres,over 400,8,33,0.7248297384940088,0.01831882307305932,0.29204054619185627,1.3645266264211386,scenario B,1
91,10-20,Male,State 4,1,widowed,jewish,self-employed,under 1000,18,4,2,4,2,3,2,1,3,1,3,2,3,2,3,4,1,1,3,1,15,2,8,25-30 kilometres,300-400,3,56,0.38576794043183327,0.13144074054434896,0.6013055089861155,1.2278720766771585,scenario B,3
72,50-60,Female,State 3,1,commonlaw,atheist,retired,3000-4000,3,2,1,4,3,4,2,3,1,4,3,1,1,2,3,1,3,4,4,1,8,1,5,15-20 kilometres,over 400,4,39,0.5071544921956956,0.22163282171823084,0.09690575487911701,0.7190959838917479,scenario B,1
66,40-50,Female,State 1,0,commonlaw,muslim,student,over 5000,3,4,2,4,2,2,2,2,3,4,4,1,3,2,3,3,1,1,4,3,19,6,7,20-25 kilometres,over 400,3,25,0.5854410545434803,0.7885399146471173,0.5282690913882107,1.3867226139409468,scenario B,2
19,20-30,Female,State 4,0,commonlaw,protestant christian,unemployed,3000-4000,13,2,2,3,3,1,3,3,3,3,4,4,1,4,2,4,2,3,4,2,11,10,0,15-20 kilometres,200-300,6,57,0.051444335374981165,0.19971877872012556,0.49908245215192437,1.7782807545736432,scenario B,2
95,50-60,Female,State 4,0,divorced/separated,agnostic,civil servant,4000-5000,11,4,3,3,1,3,3,3,2,3,1,3,2,4,2,4,4,1,3,4,8,5,8,20-25 kilometres,200-300,5,3,0.257678693626076,0.9500889603514224,0.9292386644519866,0.7146938457153738,scenario A,4
23,40-50,Female,State 1,0,single,agnostic,employee,3000-4000,5,4,4,3,1,2,1,1,4,3,3,1,3,4,2,4,1,1,2,1,13,1,0,under 5 kilometres,300-400,8,71,0.771288505056873,0.0704582748003304,0.08438675454817712,0.8726753577357158,scenario A,0
76,40-50,Female,State 2,0,widowed,Eastern Religion,self-employed,1000-2000,16,2,3,4,4,1,4,2,2,4,4,1,2,3,2,2,4,1,3,2,13,2,3,10-15 kilometres,300-400,9,9,0.3745615421794355,0.63204754749313,0.9629997804295272,0.8915450812783092,scenario A,1
26,30-40,Male,State 3,0,single,atheist,self-employed,under 1000,13,2,2,1,1,1,2,1,4,4,3,3,4,2,4,4,3,4,1,1,10,10,2,over 30 kilometres,none,5,16,0.6477494186256081,0.9540249914862216,0.4109579317737371,0.9975285304244608,scenario A,0
5,60 and older,Male,State 4,0,divorced/separated,Eastern Religion,unemployed,under 1000,6,3,4,2,3,4,3,1,1,3,1,4,3,2,4,3,3,1,2,3,0,5,0,10-15 kilometres,300-400,9,30,0.7176393656991422,0.6813501669093966,0.5818893101532012,0.9247724021552131,scenario A,4
78,40-50,Female,State 2,1,widowed,jewish,student,3000-4000,1,4,4,3,3,2,3,4,4,4,3,3,1,4,3,2,2,3,3,1,16,6,1,10-15 kilometres,300-400,10,50,0.4979482679627836,0.4453549566678703,0.5242412402294576,0.8651723397197202,scenario B,4
40,40-50,Male,State 2,0,divorced/separated,agnostic,unemployed,3000-4000,0,2,2,1,4,1,3,3,1,4,3,1,4,2,2,4,3,2,3,3,0,8,7,under 5 kilometres,300-400,4,3,0.3629230197984725,0.07584595051594079,0.3138095021713525,1.8380756784463301,scenario A,3
81,40-50,Male,State 1,0,commonlaw,catholic christian,student,3000-4000,12,3,1,4,1,1,2,3,1,4,4,4,4,1,3,2,2,3,3,3,8,5,1,25-30 kilometres,over 400,7,25,0.9738972007762641,0.013194735394790769,0.5154151988681406,1.322793205268681,scenario B,4
76,20-30,Male,State 1,0,single,Eastern Religion,retired,under 1000,18,2,3,2,2,4,4,1,4,2,1,4,2,3,1,4,1,2,2,4,15,8,6,10-15 kilometres,200-300,0,58,0.028511156560853124,0.2659021725412458,0.712207040283829,1.2070375753100961,scenario B,2
94,10-20,Female,State 4,0,widowed,nondenominational,student,1000-2000,20,4,1,3,4,2,2,1,1,2,3,3,2,1,3,2,4,3,4,2,14,10,10,10-15 kilometres,100-200,1,12,0.7670538751408458,0.6346210693009198,0.009985238313674927,0.9338247088016942,scenario A,0
64,40-50,Female,State 2,0,commonlaw,protestant christian,unemployed,1000-2000,5,2,1,4,2,3,3,1,3,1,2,3,1,1,3,4,2,4,4,3,6,3,2,under 5 kilometres,300-400,2,41,0.4928393301088363,0.7374356149230152,0.5013877504970878,0.8474447975168005,scenario A,3
95,20-30,Male,State 1,1,widowed,atheist,retired,2000-3000,12,1,2,2,2,4,2,1,2,3,2,2,1,1,1,1,2,3,4,4,10,6,8,10-15 kilometres,300-400,9,85,0.28691152785904706,0.20537301595322788,0.6968523552641273,1.097315341932699,scenario A,1
54,60 and older,Male,State 4,1,married,catholic christian,unemployed,4000-5000,20,3,3,4,2,3,2,4,3,1,4,1,2,3,3,2,2,2,4,2,5,4,2,over 30 kilometres,1-100,9,11,0.5984248812310398,0.3325827061198652,0.82054941682145,1.5936640520812944,scenario B,4
42,30-40,Female,State 4,0,widowed,Eastern Religion,sick/on leave,4000-5000,3,4,4,3,1,3,1,1,4,4,4,1,1,2,4,2,2,3,3,4,10,9,1,under 5 kilometres,over 400,2,26,0.7924242615699768,0.7255601182114333,0.821910131489858,0.517560024978593,scenario A,1
3,30-40,Female,State 4,1,commonlaw,atheist,civil servant,under 1000,3,1,4,2,3,4,1,1,3,1,3,3,3,2,2,4,2,4,1,3,15,0,0,over 30 kilometres,none,10,0,0.18391088000498712,0.37034416547976434,0.6788392071612179,1.7264938678126782,scenario A,0
80,50-60,Male,State 2,1,commonlaw,protestant christian,self-employed,2000-3000,18,1,3,1,2,2,3,3,4,4,3,2,2,2,2,4,1,3,1,4,8,7,5,under 5 kilometres,200-300,3,13,0.10520599340088665,0.036331515992060304,0.7444291922729462,1.2677312054438516,scenario B,1
90,30-40,Male,State 2,1,single,nondenominational,student,4000-5000,5,4,3,2,4,1,3,3,3,1,1,3,2,2,2,1,1,4,3,3,16,0,8,15-20 kilometres,1-100,2,53,0.47430393495596945,0.12918330682441592,0.11157740419730544,0.5364120829617605,scenario B,4
38,60 and older,Male,State 4,0,commonlaw,catholic christian,sick/on leave,over 5000,0,1,1,1,3,2,2,3,4,4,3,1,2,1,2,3,1,1,2,2,18,7,4,15-20 kilometres,none,3,0,0.8589623020961881,0.05629804567433894,0.693088494008407,1.751995419850573,scenario A,2
88,20-30,Male,State 4,1,divorced/separated,muslim,unemployed,over 5000,13,3,1,1,2,1,3,3,1,3,4,1,4,1,1,3,3,2,2,1,13,10,10,5-10 kilometres,100-200,6,27,0.7559740482829511,0.8046575088519603,0.07887517288327217,0.6661295321537182,scenario B,0
43,60 and older,Female,State 4,0,married,Eastern Religion,civil servant,4000-5000,6,4,1,3,4,2,3,3,3,2,2,2,2,3,3,4,1,2,1,1,6,5,7,15-20 kilometres,100-200,7,100,0.03752779425121844,0.4251481080427766,0.6900406405329704,0.8974005957134068,scenario B,0
83,20-30,Male,State 1,1,widowed,Eastern Religion,unemployed,over 5000,12,1,4,3,1,2,2,2,3,2,1,4,1,3,2,1,2,4,2,2,4,0,7,over 30 kilometres,200-300,8,26,0.16444391570985317,0.07537937466986477,0.6085379261057824,1.3328797926660627,scenario B,0
4,60 and older,Male,State 2,0,commonlaw,protestant christian,retired,1000-2000,10,4,4,1,2,1,4,2,2,1,4,1,3,4,3,2,2,2,4,3,0,3,5,under 5 kilometres,300-400,6,12,0.9944952588994056,0.18995828134939075,0.8109542930033058,0.5137231854023412,scenario B,2
74,30-40,Female,State 4,0,single,Eastern Religion,self-employed,over 5000,12,1,3,3,1,1,1,4,2,1,1,2,3,1,2,1,2,1,1,3,0,8,9,25-30 kilometres,100-200,0,48,0.9329447143245488,0.5807442092336714,0.6404328325297683,1.3577818685444072,scenario B,3
50,30-40,Female,State 1,0,married,nondenominational,unemployed,4000-5000,2,4,2,2,2,1,3,4,3,3,4,4,4,4,4,1,3,3,2,3,19,1,0,15-20 kilometres,over 400,3,66,0.696203543106094,0.6282119418028742,0.351697975769639,0.8123831589473411,scenario B,2
12,40-50,Female,State 2,1,divorced/separated,protestant christian,civil servant,4000-5000,10,4,3,4,1,2,4,2,2,1,4,4,4,3,1,3,2,2,4,3,8,1,8,over 30 kilometres,none,7,78,0.5316988686099648,0.05890816799364984,0.9609155189245939,0.838844318408519,scenario B,3
60,20-30,Female,State 1,1,widowed,atheist,unemployed,4000-5000,13,1,2,4,1,2,3,2,4,4,2,1,2,2,1,2,4,1,1,2,9,4,8,15-20 kilometres,200-300,0,31,0.5125927866902202,0.6016994321253151,0.008897078223526478,0.9894390680128708,scenario B,4
45,40-50,Female,State 2,0,married,protestant christian,self-employed,under 1000,19,1,4,1,1,3,3,4,4,1,3,2,3,4,4,2,2,4,1,3,3,8,3,over 30 kilometres,none,6,40,0.9689809039700776,0.019674623385071754,0.0785580303054303,1.974859926267527,scenario A,1
37,40-50,Female,State 2,1,widowed,Eastern Religion,self-employed,1000-2000,8,3,1,1,1,1,3,2,1,3,2,2,4,3,2,4,1,3,1,2,16,7,8,20-25 kilometres,300-400,6,7,0.022161239525303245,0.9808344757184386,0.79769681324251,1.8003095992607996,scenario A,4
68,10-20,Male,State 4,0,married,muslim,unemployed,3000-4000,16,3,4,4,4,1,2,4,1,2,3,2,4,2,3,3,3,1,3,1,8,2,1,20-25 kilometres,over 400,5,60,0.6356535938102752,0.49508428620174527,0.14409416331909597,1.6811543455114588,scenario B,0
73,30-40,Male,State 3,0,widowed,atheist,civil servant,2000-3000,12,2,3,3,1,2,4,4,3,2,2,1,3,4,2,3,4,4,2,1,5,6,0,25-30 kilometres,300-400,3,90,0.35948539548553526,0.7798339361324906,0.12473550788126886,1.866187933133915,scenario A,2
26,10-20,Male,State 2,0,divorced/separated,Eastern Religion,student,under 1000,8,4,1,2,3,4,4,3,4,1,3,1,4,1,2,1,4,4,4,3,9,3,9,over 30 kilometres,300-400,1,30,0.48882093629799783,0.4093671834561974,0.6819852280896157,0.7045163118746132,scenario B,2
27,30-40,Female,State 2,1,married,protestant christian,self-employed,3000-4000,1,3,2,1,3,3,1,1,1,2,3,2,2,1,2,2,3,2,4,3,16,0,6,over 30 kilometres,over 400,1,43,0.4093225155957043,0.5223083712626249,0.22404628316871822,1.2186458689393476,scenario B,2
31,20-30,Male,State 3,1,divorced/separated,catholic christian,civil servant,under 1000,1,3,1,1,3,3,1,2,3,2,3,2,2,3,4,2,4,2,3,1,20,1,2,15-20 kilometres,300-400,0,31,0.12270799861289561,0.19171216967515647,0.8975999809335917,1.5827477414859459,scenario B,4
46,40-50,Male,State 2,1,divorced/separated,catholic christian,civil servant,over 5000,1,1,3,3,3,4,2,1,2,3,2,3,3,4,1,3,2,2,3,2,19,5,7,5-10 kilometres,none,4,51,0.5198038618545979,0.8360933144576848,0.7873234800063074,1.8812463361537084,scenario B,3
71,10-20,Male,State 1,1,single,agnostic,sick/on leave,3000-4000,6,2,1,1,3,3,3,4,1,1,2,3,4,3,3,3,4,4,4,2,18,5,4,15-20 kilometres,none,7,6,0.552740263286978,0.014340729918330908,0.7324524484574795,1.1148205883800983,scenario A,4
21,60 and older,Female,State 4,1,widowed,jewish,student,1000-2000,20,4,4,1,2,3,3,1,3,3,4,2,2,2,1,1,2,4,1,3,1,5,5,10-15 kilometres,300-400,9,81,0.6670433371327817,0.8295618859119713,0.4279068422038108,1.9973339275456965,scenario B,1
39,30-40,Female,State 1,0,divorced/separated,muslim,unemployed,under 1000,4,3,1,1,1,2,1,3,1,4,1,4,2,2,1,3,2,4,4,1,0,8,6,under 5 kilometres,over 400,2,76,0.6375153344124556,0.7872946134302765,0.8405003845691681,1.4729056014912203,scenario B,4
92,30-40,Male,State 3,1,single,atheist,retired,1000-2000,2,3,1,2,4,1,2,1,2,4,2,1,4,2,3,3,3,3,4,2,13,1,7,10-15 kilometres,300-400,3,19,0.09696810273453593,0.14627561578527093,0.3297459320165217,1.130820629419759,scenario A,0
65,10-20,Female,State 3,1,divorced/separated,jewish,retired,over 5000,3,1,4,1,4,1,1,3,2,4,2,3,4,2,1,4,3,1,4,2,5,5,0,10-15 kilometres,300-400,3,1,0.11838932405225933,0.5743628388736397,0.28724299371242523,1.8150876817526296,scenario B,2
16,20-30,Male,State 1,0,divorced/separated,Eastern Religion,student,under 1000,19,3,4,1,1,1,1,2,4,3,3,3,1,4,4,1,3,3,1,1,19,10,2,under 5 kilometres,100-200,8,38,0.8946769298054278,0.6826690593734384,0.7064867240842432,1.109326082514599,scenario B,1
82,10-20,Female,State 4,1,commonlaw,agnostic,retired,1000-2000,18,3,4,4,4,2,1,4,1,1,1,1,2,1,3,4,3,1,4,3,2,10,2,10-15 kilometres,over 400,8,35,0.4820733955129981,0.6962728039361537,0.22503047832287848,1.0336663365596905,scenario B,4
8,20-30,Male,State 4,0,commonlaw,protestant christian,sick/on leave,1000-2000,6,2,3,2,4,4,4,3,3,3,4,3,2,1,3,2,1,3,2,2,10,1,7,20-25 kilometres,200-300,9,64,0.9594096429646015,0.7269034495111555,0.806681759422645,1.9458671893225983,scenario A,3
10,50-60,Female,State 1,1,divorced/separated,muslim,sick/on leave,1000-2000,5,2,2,1,2,1,4,2,1,1,1,2,3,2,1,4,3,1,1,4,4,2,7,20-25 kilometres,200-300,9,84,0.8844505294691771,0.28463568771257997,0.7915144311264157,0.7707197581185028,scenario B,3
69,20-30,Male,State 4,0,single,Eastern Religion,student,4000-5000,2,3,1,2,4,3,2,1,2,2,2,2,3,2,4,3,4,4,1,1,14,7,1,under 5 kilometres,1-100,7,89,0.11035464680753648,0.49914201512001455,0.14572710101492703,1.0174228871474043,scenario B,1
87,60 and older,Female,State 4,0,single,atheist,sick/on leave,under 1000,0,4,2,3,2,4,1,4,1,2,1,3,2,3,2,2,4,2,2,2,14,1,9,under 5 kilometres,300-400,10,90,0.47092623030766845,0.9006283434573561,0.07850937964394689,1.2832718525314704,scenario B,2
30,40-50,Male,State 2,0,divorced/separated,protestant christian,unemployed,3000-4000,5,4,2,3,3,4,1,1,2,1,1,2,4,1,3,3,2,2,1,3,9,3,9,10-15 kilometres,over 400,6,80,0.7295635927002877,0.08845142158679664,0.03231188585050404,0.9352825505193323,scenario B,1
82,40-50,Male,State 3,0,widowed,jewish,civil servant,2000-3000,4,1,2,3,2,3,3,1,3,2,3,2,3,3,4,4,2,1,4,4,8,10,3,10-15 kilometres,over 400,2,68,0.3414310656953603,0.8438451187685132,0.8620939971879125,1.9345209911698475,scenario A,3
71,10-20,Female,State 2,0,commonlaw,muslim,sick/on leave,1000-2000,4,2,4,2,1,1,3,1,2,4,2,3,2,1,2,1,3,4,4,4,4,4,1,20-25 kilometres,100-200,1,74,0.3369790480937809,0.1256900909356773,0.057748904218897223,1.151362739619799,scenario B,2
74,10-20,Male,State 3,1,widowed,atheist,sick/on leave,2000-3000,0,2,2,1,3,4,2,2,2,3,3,1,4,3,4,2,3,4,1,2,10,0,4,15-20 kilometres,200-300,5,45,0.583774640224874,0.5729129645042121,0.8178294363897294,0.9546878298278898,scenario B,4
49,50-60,Male,State 4,0,widowed,catholic christian,student,under 1000,15,1,2,2,1,3,1,2,2,2,3,4,1,3,1,2,4,3,4,2,15,8,10,over 30 kilometres,1-100,6,98,0.20807014266029,0.3791004705708474,0.4322029766626656,1.08629517222289,scenario B,1
2,30-40,Male,State 2,1,commonlaw,muslim,retired,under 1000,12,2,2,4,2,2,4,4,2,3,1,3,3,2,3,2,1,2,1,3,9,2,5,5-10 kilometres,1-100,4,87,0.0010348507203161716,0.5985312536358833,0.5615521082654595,1.4022947839694098,scenario B,0
11,10-20,Female,State 2,1,married,Eastern Religion,employee,2000-3000,14,4,2,1,4,3,4,2,2,2,3,4,1,3,2,4,1,3,2,4,8,0,2,25-30 kilometres,200-300,2,73,0.8813875601626933,0.7709173243492842,0.8979629289824516,1.2527921893633902,scenario B,1
47,30-40,Male,State 2,1,single,jewish,self-employed,4000-5000,2,3,4,1,3,4,3,3,3,1,3,2,4,1,4,1,3,1,2,4,20,8,7,15-20 kilometres,100-200,2,19,0.6805527745746076,0.3503026431426406,0.6632372650783509,0.8299805885180831,scenario A,1
1,40-50,Male,State 2,1,single,muslim,unemployed,4000-5000,11,1,1,2,2,4,3,1,4,1,3,2,1,3,1,4,4,4,2,2,6,10,9,5-10 kilometres,200-300,4,40,0.3883225747849792,0.8891021814197302,0.10722220363095403,1.8524915247689933,scenario B,2
74,50-60,Female,State 1,0,widowed,agnostic,unemployed,3000-4000,6,1,4,2,1,3,3,2,4,4,1,4,3,4,4,4,1,1,1,1,19,5,5,under 5 kilometres,none,7,65,0.5519712013192475,0.798245016252622,0.6860785658936948,1.6766973397461697,scenario A,1
32,50-60,Male,State 1,0,single,Eastern Religion,employee,3000-4000,18,4,1,4,3,2,2,1,2,2,2,2,2,1,3,1,4,4,4,1,9,1,1,15-20 kilometres,none,4,25,0.9798472227994353,0.26814286573790014,0.9541504252701998,1.6169948015594855,scenario A,1
73,50-60,Male,State 1,0,divorced/separated,jewish,self-employed,over 5000,19,2,4,2,2,2,2,4,3,3,2,1,1,4,2,3,3,3,1,4,17,6,5,5-10 kilometres,none,1,14,0.10475245490670204,0.8207419894170016,0.2124316415283829,1.4824229218065739,scenario B,1
13,50-60,Male,State 3,0,married,catholic christian,retired,over 5000,11,3,2,1,3,4,1,1,1,4,3,2,1,4,3,3,3,1,1,1,3,6,8,15-20 kilometres,300-400,10,67,0.6260123422835022,0.13677550852298737,0.7659948668442667,1.1658000645693392,scenario B,4
62,20-30,Female,State 1,0,single,protestant christian,sick/on leave,1000-2000,5,4,3,3,2,4,3,1,2,3,2,1,2,3,1,2,1,2,1,3,8,0,10,under 5 kilometres,over 400,6,28,0.12141123879700899,0.22998854308389127,0.8852458738256246,1.9346247577341273,scenario A,0
11,50-60,Male,State 3,0,single,atheist,employee,under 1000,15,1,1,4,1,2,3,1,3,2,1,3,4,4,4,1,2,3,1,4,19,10,7,15-20 kilometres,200-300,7,94,0.6051882060710341,0.3813576146494597,0.14182883710600436,1.3960228422656655,scenario A,1
58,60 and older,Male,State 2,0,single,nondenominational,unemployed,1000-2000,7,1,1,4,2,3,1,2,1,2,3,1,4,4,2,4,1,2,4,4,4,7,2,20-25 kilometres,none,5,49,0.9840977045241743,0.5743536686059088,0.10038282698951662,0.5947444296907634,scenario A,1
14,60 and older,Female,State 4,0,married,nondenominational,unemployed,3000-4000,1,3,1,4,1,4,2,2,2,2,3,4,3,1,4,4,2,3,4,2,3,8,3,over 30 kilometres,300-400,7,69,0.2988998268265277,0.8130594571121037,0.42352294735610485,1.1394360531121492,scenario B,3
42,50-60,Male,State 4,1,divorced/separated,nondenominational,civil servant,under 1000,5,4,1,2,2,2,3,3,1,1,3,4,2,3,1,3,2,3,2,1,12,0,2,over 30 kilometres,100-200,2,71,0.2916471492499113,0.4654329251497984,0.5855525073129684,1.9773842628346756,scenario A,4
20,50-60,Male,State 1,0,married,atheist,civil servant,under 1000,15,2,1,3,4,1,1,4,2,3,3,4,4,4,1,1,2,1,4,2,19,2,10,20-25 kilometres,over 400,1,39,0.66778659587726,0.9273619907908142,0.554723062319681,0.8804673373233527,scenario A,1
64,20-30,Female,State 3,1,single,catholic christian,civil servant,4000-5000,17,4,3,1,3,1,3,2,1,1,2,1,2,1,1,4,3,1,3,4,6,4,9,25-30 kilometres,100-200,3,35,0.9543302448000759,0.4510044208727777,0.731344127561897,1.9940799222094938,scenario A,4
79,30-40,Male,State 3,0,single,Eastern Religion,employee,4000-5000,4,2,2,3,1,3,1,1,3,2,3,4,2,1,3,4,4,3,2,2,3,7,8,over 30 kilometres,1-100,0,15,0.3151456625200808,0.24163275491446257,0.2531371267978102,0.6361623996635899,scenario A,4
15,50-60,Male,State 1,1,married,atheist,self-employed,1000-2000,1,4,4,1,4,3,2,3,4,1,2,2,3,2,1,1,2,1,2,2,14,4,5,10-15 kilometres,300-400,10,54,0.11220326460897923,0.8129801009781659,0.8707127410452813,0.5527967775706202,scenario A,3
20,50-60,Female,State 4,0,widowed,catholic christian,self-employed,under 1000,3,3,1,2,4,2,3,3,4,1,1,2,1,1,2,2,3,4,3,2,19,3,0,15-20 kilometres,200-300,9,96,0.6489749723114073,0.2686734397429973,0.7255146980751306,1.3962619503727183,scenario B,3
50,20-30,Male,State 2,0,divorced/separated,nondenominational,sick/on leave,2000-3000,18,2,1,3,1,1,2,2,1,3,4,3,4,4,4,2,1,3,1,2,6,9,6,20-25 kilometres,none,4,23,0.25096887070685625,0.6379256953950971,0.5669333427213132,1.3735819386783987,scenario A,1
47,10-20,Male,State 4,1,commonlaw,nondenominational,employee,2000-3000,5,3,4,3,4,4,4,1,3,3,2,3,1,3,1,4,4,2,4,1,13,7,10,15-20 kilometres,over 400,3,38,0.1453632649499923,0.9163529495708644,0.9540712765883654,1.7849830933846533,scenario A,1
55,10-20,Female,State 3,0,commonlaw,jewish,retired,4000-5000,8,4,4,2,1,3,1,1,4,2,4,2,2,1,3,4,3,4,2,1,13,1,7,15-20 kilometres,200-300,8,24,0.5256905509158969,0.41983898682519794,0.5126708114985377,1.9238557479111478,scenario B,3
18,30-40,Male,State 2,0,married,nondenominational,self-employed,1000-2000,9,4,3,1,4,4,4,1,2,2,1,1,4,2,1,4,2,4,1,3,0,2,5,5-10 kilometres,over 400,4,51,0.4192136647179723,0.8396647511981428,0.5719997733831406,1.8280627145431936,scenario A,0
89,40-50,Male,State 4,0,married,Eastern Religion,sick/on leave,under 1000,20,4,1,3,4,3,1,1,2,4,3,1,4,1,4,1,2,1,2,3,13,10,8,15-20 kilometres,300-400,10,92,0.19753064098767936,0.4055497848894447,0.8755981822032481,1.0596981840208173,scenario B,3
53,40-50,Male,State 3,1,divorced/separated,jewish,retired,under 1000,18,1,2,4,4,1,3,4,3,4,2,3,4,4,4,1,3,1,4,4,5,8,1,15-20 kilometres,300-400,8,32,0.4304967732168734,0.5588957066647708,0.5530201634392142,1.1057024921756238,scenario B,2
84,30-40,Female,State 3,0,married,protestant christian,retired,3000-4000,0,4,1,2,2,4,2,3,3,3,3,2,1,4,1,2,4,2,1,4,15,4,10,under 5 kilometres,300-400,5,67,0.7693825012538582,0.8599534835666418,0.33181439619511366,0.5995564750628546,scenario B,4
11,50-60,Female,State 3,1,divorced/separated,nondenominational,sick/on leave,2000-3000,17,2,1,4,3,4,3,1,2,1,4,2,2,2,3,2,1,3,4,1,3,2,0,over 30 kilometres,none,6,28,0.5676876392681152,0.1901249059010297,0.3552903251256794,0.9862515081185848,scenario A,2
77,40-50,Male,State 3,0,divorced/separated,jewish,student,under 1000,17,4,1,1,4,2,1,1,4,2,4,1,2,4,3,3,4,4,3,3,3,3,4,under 5 kilometres,none,10,91,0.901718933833763,0.9132112783845514,0.3218205701559782,0.699246057192795,scenario B,4
22,30-40,Male,State 2,0,divorced/separated,jewish,student,4000-5000,7,1,3,1,1,3,1,3,4,1,2,4,4,4,1,4,3,2,1,3,15,10,4,15-20 kilometres,300-400,3,97,0.17214662674814463,0.24462494580075145,0.5745888794772327,1.4364628487965092,scenario A,1
87,20-30,Female,State 1,1,commonlaw,nondenominational,employee,under 1000,8,4,3,3,3,3,3,3,2,1,1,1,2,3,1,4,3,4,2,2,16,2,2,20-25 kilometres,over 400,7,3,0.7487756013870239,0.6721801029052585,0.5367794006597251,0.6061192639172077,scenario B,0
52,10-20,Male,State 4,0,widowed,jewish,civil servant,over 5000,10,4,2,2,3,3,2,2,4,2,2,4,3,3,4,4,3,4,3,3,2,9,8,under 5 kilometres,none,10,44,0.7535152703057975,0.34139424841850996,0.20295725669711828,1.5761652275687084,scenario A,1
39,20-30,Female,State 2,1,single,agnostic,employee,1000-2000,5,3,4,3,3,1,3,1,2,3,3,2,1,3,4,1,3,2,4,4,5,4,9,15-20 kilometres,over 400,9,21,0.3796165562234819,0.9406013796105981,0.3507251625414938,1.3137151672272012,scenario B,2
31,40-50,Male,State 2,1,married,jewish,employee,under 1000,9,3,1,3,4,3,2,2,4,3,4,1,1,1,3,4,2,3,3,2,2,1,8,15-20 kilometres,over 400,3,44,0.09222742589190602,0.9092726306989789,0.5276319889817387,0.6759390344377607,scenario B,0
78,10-20,Male,State 4,1,single,muslim,unemployed,1000-2000,20,4,1,3,1,3,2,3,2,4,4,4,1,4,3,2,4,3,1,2,1,6,3,10-15 kilometres,over 400,0,48,0.013917528791353106,0.64226697338745,0.5354698323644698,1.4549939326243475,scenario A,4
76,30-40,Female,State 1,0,commonlaw,protestant christian,retired,3000-4000,7,2,2,3,2,4,4,3,4,1,4,4,4,2,2,2,2,3,3,4,11,9,8,25-30 kilometres,1-100,6,73,0.46476356335915625,0.5878201152663678,0.15864864457398653,0.7162780652288347,scenario A,4
46,50-60,Female,State 2,1,divorced/separated,atheist,sick/on leave,over 5000,6,4,3,3,4,4,4,4,2,1,2,3,2,3,2,1,4,3,3,2,1,4,4,10-15 kilometres,1-100,8,74,0.3640729219187051,0.6677385556977242,0.13082991121336818,1.9051691616186872,scenario B,1
89,30-40,Female,State 4,1,widowed,Eastern Religion,unemployed,2000-3000,20,3,4,2,2,4,2,1,2,4,3,2,4,3,3,3,1,1,1,4,8,5,6,25-30 kilometres,1-100,0,46,0.21918097767047584,0.23125030961818993,0.03604866564273834,1.3624364438001066,scenario B,4
64,10-20,Female,State 4,0,widowed,jewish,unemployed,2000-3000,13,1,2,4,1,2,1,3,4,1,2,1,2,3,4,3,4,1,3,1,5,4,9,over 30 kilometres,over 400,2,67,0.7648249384947121,0.943611619528383,0.5559554626233876,0.8833454377017915,scenario B,1
19,10-20,Female,State 1,1,commonlaw,Eastern Religion,sick/on leave,3000-4000,17,1,3,2,2,3,4,2,2,4,1,1,3,2,2,4,2,1,1,3,0,8,2,25-30 kilometres,200-300,7,99,0.8861897098831832,0.8009403792675585,0.9171936712227762,0.9925693505210802,scenario A,4
11,50-60,Female,State 2,0,divorced/separated,muslim,employee,4000-5000,3,4,2,4,2,4,2,2,1,3,4,2,2,3,1,3,3,4,1,2,19,7,6,10-15 kilometres,100-200,6,52,0.5707233208231628,0.2111083515919745,0.9283915350679308,1.654513114131987,scenario B,2
76,20-30,Female,State 2,0,widowed,Eastern Religion,sick/on leave,2000-3000,7,2,4,2,2,3,1,2,2,3,4,4,4,3,4,1,3,3,3,3,0,3,2,under 5 kilometres,over 400,7,73,0.1731448876671493,0.6815173113718629,0.017043547006323934,0.6669647315284237,scenario B,3
